{"Accuracy": 0.8305084745762712, "Precision": 0.75, "Recall": 0.9, "F1score": 0.8181818181818182}